2014-11-28 17:25:26,/newmpms/mine.php,http://l505-15.is.oit.ac.jp/mpms/top.php,150.89.227.15,L505-15.is.oit.ac.jp,Mozilla/5.0 (Windows NT 6.1; WOW64; Trident/7.0; rv:11.0) like Gecko
2014-11-28 17:26:41,/newmpms/mine.php,http://l505-15.is.oit.ac.jp/mpms/top.php,150.89.227.15,L505-15.is.oit.ac.jp,Mozilla/5.0 (Windows NT 6.1; WOW64; Trident/7.0; rv:11.0) like Gecko
2014-11-28 21:32:21,/newmpms/mine.php,http://l505-15.is.oit.ac.jp/mpms/top.php,150.89.227.15,L505-15.is.oit.ac.jp,Mozilla/4.0 (compatible; MSIE 7.0; Windows NT 6.3; WOW64; Trident/7.0; .NET4.0E; .NET4.0C; .NET CLR 3.5.30729; .NET CLR 2.0.50727; .NET CLR 3.0.30729; Tablet PC 2.0)
2014-11-30 11:12:29,/newmpms/mine.php,http://l505-15.is.oit.ac.jp/mpms/top.php,150.89.227.15,L505-15.is.oit.ac.jp,Mozilla/5.0 (Windows NT 6.1; WOW64; Trident/7.0; rv:11.0) like Gecko
2014-11-30 11:12:46,/newmpms/mine.php,http://l505-15.is.oit.ac.jp/mpms/top.php,150.89.227.15,L505-15.is.oit.ac.jp,Mozilla/5.0 (Windows NT 6.1; WOW64; Trident/7.0; rv:11.0) like Gecko
2014-12-02 11:05:59,/newmpms/mine.php,http://l505-15.is.oit.ac.jp/mpms/top.php,150.89.227.15,L505-15.is.oit.ac.jp,Mozilla/5.0 (X11; Ubuntu; Linux x86_64; rv:31.0) Gecko/20100101 Firefox/31.0
2014-12-02 11:08:30,/newmpms/mine.php,http://l505-15.is.oit.ac.jp/mpms/top.php,150.89.227.15,L505-15.is.oit.ac.jp,Mozilla/5.0 (X11; Ubuntu; Linux x86_64; rv:31.0) Gecko/20100101 Firefox/31.0
2014-12-02 11:08:58,/newmpms/mine.php,http://l505-15.is.oit.ac.jp/mpms/top.php,150.89.227.15,L505-15.is.oit.ac.jp,Mozilla/5.0 (X11; Ubuntu; Linux x86_64; rv:31.0) Gecko/20100101 Firefox/31.0
2014-12-02 11:09:14,/newmpms/mine.php,http://l505-15.is.oit.ac.jp/mpms/top.php,150.89.227.15,L505-15.is.oit.ac.jp,Mozilla/5.0 (X11; Ubuntu; Linux x86_64; rv:31.0) Gecko/20100101 Firefox/31.0
2014-12-02 11:11:19,/newmpms/mine.php,http://l505-15.is.oit.ac.jp/mpms/top.php,150.89.227.15,L505-15.is.oit.ac.jp,Mozilla/5.0 (X11; Ubuntu; Linux x86_64; rv:31.0) Gecko/20100101 Firefox/31.0
2014-12-02 13:23:20,/newmpms/mine.php,http://l505-15.is.oit.ac.jp/mpms/top.php,150.89.227.15,L505-15.is.oit.ac.jp,Mozilla/5.0 (X11; Ubuntu; Linux x86_64; rv:31.0) Gecko/20100101 Firefox/31.0
2014-12-02 13:23:21,/newmpms/mine.php,http://l505-15.is.oit.ac.jp/mpms/top.php,150.89.227.15,L505-15.is.oit.ac.jp,Mozilla/5.0 (X11; Ubuntu; Linux x86_64; rv:31.0) Gecko/20100101 Firefox/31.0
2014-12-02 13:23:26,/newmpms/mine.php,http://l505-15.is.oit.ac.jp/mpms/top.php,150.89.227.15,L505-15.is.oit.ac.jp,Mozilla/5.0 (X11; Ubuntu; Linux x86_64; rv:31.0) Gecko/20100101 Firefox/31.0
2014-12-02 13:23:29,/newmpms/mine.php,http://l505-15.is.oit.ac.jp/mpms/top.php,150.89.227.15,L505-15.is.oit.ac.jp,Mozilla/5.0 (X11; Ubuntu; Linux x86_64; rv:31.0) Gecko/20100101 Firefox/31.0
2014-12-02 13:23:35,/newmpms/mine.php,http://l505-15.is.oit.ac.jp/mpms/top.php,150.89.227.15,L505-15.is.oit.ac.jp,Mozilla/5.0 (X11; Ubuntu; Linux x86_64; rv:31.0) Gecko/20100101 Firefox/31.0
2014-12-02 13:23:44,/newmpms/mine.php,http://l505-15.is.oit.ac.jp/mpms/top.php,150.89.227.15,L505-15.is.oit.ac.jp,Mozilla/5.0 (X11; Ubuntu; Linux x86_64; rv:31.0) Gecko/20100101 Firefox/31.0
2014-12-02 13:23:47,/newmpms/mine.php,http://l505-15.is.oit.ac.jp/mpms/top.php,150.89.227.15,L505-15.is.oit.ac.jp,Mozilla/5.0 (X11; Ubuntu; Linux x86_64; rv:31.0) Gecko/20100101 Firefox/31.0
2014-12-02 13:24:50,/newmpms/mine.php,http://l505-15.is.oit.ac.jp/mpms/top.php,150.89.227.15,L505-15.is.oit.ac.jp,Mozilla/5.0 (X11; Ubuntu; Linux x86_64; rv:31.0) Gecko/20100101 Firefox/31.0
2014-12-02 13:26:51,/newmpms/mine.php,http://l505-15.is.oit.ac.jp/mpms/top.php,150.89.227.15,L505-15.is.oit.ac.jp,Mozilla/5.0 (X11; Ubuntu; Linux x86_64; rv:31.0) Gecko/20100101 Firefox/31.0
2014-12-02 13:27:15,/newmpms/mine.php,http://l505-15.is.oit.ac.jp/mpms/top.php,150.89.227.15,L505-15.is.oit.ac.jp,Mozilla/5.0 (X11; Ubuntu; Linux x86_64; rv:31.0) Gecko/20100101 Firefox/31.0
2014-12-02 13:29:53,/newmpms/mine.php,http://l505-15.is.oit.ac.jp/mpms/top.php,150.89.227.15,L505-15.is.oit.ac.jp,Mozilla/5.0 (X11; Ubuntu; Linux x86_64; rv:31.0) Gecko/20100101 Firefox/31.0
2014-12-02 13:30:52,/newmpms/mine.php,http://l505-15.is.oit.ac.jp/mpms/top.php,150.89.227.15,L505-15.is.oit.ac.jp,Mozilla/5.0 (X11; Ubuntu; Linux x86_64; rv:31.0) Gecko/20100101 Firefox/31.0
2014-12-02 14:30:04,/newmpms/mine.php,http://l505-15.is.oit.ac.jp/mpms/top.php,150.89.227.15,L505-15.is.oit.ac.jp,Mozilla/5.0 (X11; Ubuntu; Linux x86_64; rv:31.0) Gecko/20100101 Firefox/31.0
2014-12-02 14:53:29,/newmpms/mine.php,http://l505-15.is.oit.ac.jp/mpms/top.php,150.89.227.15,L505-15.is.oit.ac.jp,Mozilla/4.0 (compatible; MSIE 7.0; Windows NT 6.3; WOW64; Trident/7.0; .NET4.0E; .NET4.0C; .NET CLR 3.5.30729; .NET CLR 2.0.50727; .NET CLR 3.0.30729; Tablet PC 2.0)
2014-12-02 14:53:39,/newmpms/mine.php,http://l505-15.is.oit.ac.jp/mpms/top.php,150.89.227.15,L505-15.is.oit.ac.jp,Mozilla/4.0 (compatible; MSIE 7.0; Windows NT 6.3; WOW64; Trident/7.0; .NET4.0E; .NET4.0C; .NET CLR 3.5.30729; .NET CLR 2.0.50727; .NET CLR 3.0.30729; Tablet PC 2.0)
2014-12-02 15:12:10,/newmpms/mine.php,http://l505-15.is.oit.ac.jp/mpms/top.php,150.89.227.15,L505-15.is.oit.ac.jp,Mozilla/4.0 (compatible; MSIE 7.0; Windows NT 6.3; WOW64; Trident/7.0; .NET4.0E; .NET4.0C; .NET CLR 3.5.30729; .NET CLR 2.0.50727; .NET CLR 3.0.30729; Tablet PC 2.0)
2014-12-02 15:23:20,/newmpms/mine.php,http://l505-15.is.oit.ac.jp/mpms/top.php,150.89.227.15,L505-15.is.oit.ac.jp,Mozilla/4.0 (compatible; MSIE 7.0; Windows NT 6.3; WOW64; Trident/7.0; .NET4.0E; .NET4.0C; .NET CLR 3.5.30729; .NET CLR 2.0.50727; .NET CLR 3.0.30729; Tablet PC 2.0)
2014-12-02 15:23:24,/newmpms/mine.php,http://l505-15.is.oit.ac.jp/mpms/top.php,150.89.227.15,L505-15.is.oit.ac.jp,Mozilla/4.0 (compatible; MSIE 7.0; Windows NT 6.3; WOW64; Trident/7.0; .NET4.0E; .NET4.0C; .NET CLR 3.5.30729; .NET CLR 2.0.50727; .NET CLR 3.0.30729; Tablet PC 2.0)
2014-12-03 13:38:14,/newmpms/mine.php,http://l505-15.is.oit.ac.jp/mpms/top.php,150.89.227.15,L505-15.is.oit.ac.jp,Mozilla/5.0 (X11; Ubuntu; Linux x86_64; rv:31.0) Gecko/20100101 Firefox/31.0
2014-12-03 13:39:14,/newmpms/mine.php,http://l505-15.is.oit.ac.jp/mpms/top.php,150.89.227.15,L505-15.is.oit.ac.jp,Mozilla/5.0 (X11; Ubuntu; Linux x86_64; rv:31.0) Gecko/20100101 Firefox/31.0
2014-12-03 13:39:29,/newmpms/mine.php,http://l505-15.is.oit.ac.jp/mpms/top.php,150.89.227.15,L505-15.is.oit.ac.jp,Mozilla/4.0 (compatible; MSIE 7.0; Windows NT 6.3; WOW64; Trident/7.0; .NET4.0E; .NET4.0C; .NET CLR 3.5.30729; .NET CLR 2.0.50727; .NET CLR 3.0.30729; Tablet PC 2.0)
2014-12-03 13:51:49,/newmpms/mine.php,http://l505-15.is.oit.ac.jp/mpms/top.php,150.89.227.15,L505-15.is.oit.ac.jp,Mozilla/5.0 (X11; Ubuntu; Linux x86_64; rv:31.0) Gecko/20100101 Firefox/31.0
2014-12-03 13:52:47,/newmpms/mine.php,http://l505-15.is.oit.ac.jp/mpms/top.php,150.89.227.15,L505-15.is.oit.ac.jp,Mozilla/5.0 (X11; Ubuntu; Linux x86_64; rv:31.0) Gecko/20100101 Firefox/31.0
2014-12-03 13:52:52,/newmpms/mine.php,http://l505-15.is.oit.ac.jp/mpms/top.php,150.89.227.15,L505-15.is.oit.ac.jp,Mozilla/5.0 (X11; Ubuntu; Linux x86_64; rv:31.0) Gecko/20100101 Firefox/31.0
2014-12-03 13:53:04,/newmpms/mine.php,http://l505-15.is.oit.ac.jp/mpms/top.php,150.89.227.15,L505-15.is.oit.ac.jp,Mozilla/5.0 (X11; Ubuntu; Linux x86_64; rv:31.0) Gecko/20100101 Firefox/31.0
2014-12-03 13:53:05,/newmpms/mine.php,http://l505-15.is.oit.ac.jp/mpms/top.php,150.89.227.15,L505-15.is.oit.ac.jp,Mozilla/5.0 (X11; Ubuntu; Linux x86_64; rv:31.0) Gecko/20100101 Firefox/31.0
2014-12-03 14:03:51,/newmpms/mine.php,http://l505-15.is.oit.ac.jp/mpms/top.php,150.89.227.15,L505-15.is.oit.ac.jp,Mozilla/5.0 (X11; Ubuntu; Linux x86_64; rv:31.0) Gecko/20100101 Firefox/31.0
2014-12-03 14:05:16,/newmpms/mine.php,http://l505-15.is.oit.ac.jp/mpms/top.php,150.89.227.15,L505-15.is.oit.ac.jp,Mozilla/4.0 (compatible; MSIE 7.0; Windows NT 6.3; WOW64; Trident/7.0; .NET4.0E; .NET4.0C; .NET CLR 3.5.30729; .NET CLR 2.0.50727; .NET CLR 3.0.30729; Tablet PC 2.0)
2014-12-03 16:30:52,/newmpms/mine.php,http://l505-15.is.oit.ac.jp/mpms/top.php,150.89.227.15,L505-15.is.oit.ac.jp,Mozilla/5.0 (Windows NT 6.1; WOW64; rv:34.0) Gecko/20100101 Firefox/34.0
2014-12-03 23:13:14,/newmpms/mine.php,http://l505-15.is.oit.ac.jp/mpms/top.php,150.89.227.15,L505-15.is.oit.ac.jp,Mozilla/5.0 (Windows NT 6.1; WOW64) AppleWebKit/537.36 (KHTML， like Gecko) Chrome/39.0.2171.71 Safari/537.36
2014-12-04 09:24:26,/newmpms/mine.php,http://l505-15.is.oit.ac.jp/mpms/top.php,150.89.227.15,L505-15.is.oit.ac.jp,Mozilla/4.0 (compatible; MSIE 7.0; Windows NT 6.3; WOW64; Trident/7.0; .NET4.0E; .NET4.0C; .NET CLR 3.5.30729; .NET CLR 2.0.50727; .NET CLR 3.0.30729; Tablet PC 2.0)
2014-12-04 10:49:54,/newmpms/mine.php,http://l505-15.is.oit.ac.jp/mpms/top.php,150.89.227.15,L505-15.is.oit.ac.jp,Mozilla/4.0 (compatible; MSIE 7.0; Windows NT 6.3; WOW64; Trident/7.0; .NET4.0E; .NET4.0C; .NET CLR 3.5.30729; .NET CLR 2.0.50727; .NET CLR 3.0.30729; Tablet PC 2.0)
2014-12-04 10:51:03,/newmpms/mine.php,http://l505-15.is.oit.ac.jp/mpms/top.php,150.89.227.15,L505-15.is.oit.ac.jp,Mozilla/4.0 (compatible; MSIE 7.0; Windows NT 6.3; WOW64; Trident/7.0; .NET4.0E; .NET4.0C; .NET CLR 3.5.30729; .NET CLR 2.0.50727; .NET CLR 3.0.30729; Tablet PC 2.0)
2014-12-04 14:21:31,/newmpms/mine.php,http://l505-15.is.oit.ac.jp/mpms/top.php,150.89.227.15,L505-15.is.oit.ac.jp,Mozilla/4.0 (compatible; MSIE 7.0; Windows NT 6.3; WOW64; Trident/7.0; .NET4.0E; .NET4.0C; .NET CLR 3.5.30729; .NET CLR 2.0.50727; .NET CLR 3.0.30729; Tablet PC 2.0)
2014-12-05 12:34:15,/newmpms/mine.php,http://l505-15.is.oit.ac.jp/mpms/top.php,150.89.227.15,L505-15.is.oit.ac.jp,Mozilla/4.0 (compatible; MSIE 7.0; Windows NT 6.3; WOW64; Trident/7.0; .NET4.0E; .NET4.0C; .NET CLR 3.5.30729; .NET CLR 2.0.50727; .NET CLR 3.0.30729; Tablet PC 2.0)
2014-12-05 12:34:23,/newmpms/mine.php,http://l505-15.is.oit.ac.jp/mpms/top.php,150.89.227.15,L505-15.is.oit.ac.jp,Mozilla/4.0 (compatible; MSIE 7.0; Windows NT 6.3; WOW64; Trident/7.0; .NET4.0E; .NET4.0C; .NET CLR 3.5.30729; .NET CLR 2.0.50727; .NET CLR 3.0.30729; Tablet PC 2.0)
2014-12-08 15:02:22,/newmpms/mine.php,http://l505-15.is.oit.ac.jp/mpms/top.php,150.89.227.15,L505-15.is.oit.ac.jp,Mozilla/4.0 (compatible; MSIE 7.0; Windows NT 6.3; WOW64; Trident/7.0; .NET4.0E; .NET4.0C; .NET CLR 3.5.30729; .NET CLR 2.0.50727; .NET CLR 3.0.30729; Tablet PC 2.0)
2014-12-09 11:24:48,/newmpms/mine.php,http://l505-15.is.oit.ac.jp/mpms/top.php,150.89.227.15,L505-15.is.oit.ac.jp,Mozilla/5.0 (X11; Ubuntu; Linux x86_64; rv:31.0) Gecko/20100101 Firefox/31.0
2014-12-09 11:26:16,/newmpms/mine.php,http://l505-15.is.oit.ac.jp/mpms/top.php,150.89.227.15,L505-15.is.oit.ac.jp,Mozilla/5.0 (X11; Ubuntu; Linux x86_64; rv:31.0) Gecko/20100101 Firefox/31.0
2014-12-09 11:28:30,/newmpms/mine.php,http://l505-15.is.oit.ac.jp/mpms/top.php,150.89.227.15,L505-15.is.oit.ac.jp,Mozilla/5.0 (X11; Ubuntu; Linux x86_64; rv:31.0) Gecko/20100101 Firefox/31.0
2014-12-09 11:29:54,/newmpms/mine.php,http://l505-15.is.oit.ac.jp/mpms/top.php,150.89.227.15,L505-15.is.oit.ac.jp,Mozilla/5.0 (X11; Ubuntu; Linux x86_64; rv:31.0) Gecko/20100101 Firefox/31.0
2014-12-09 11:42:33,/newmpms/mine.php,http://l505-15.is.oit.ac.jp/mpms/top.php,150.89.227.15,L505-15.is.oit.ac.jp,Mozilla/5.0 (X11; Ubuntu; Linux x86_64; rv:31.0) Gecko/20100101 Firefox/31.0
2014-12-09 12:21:24,/newmpms/mine.php,http://l505-15.is.oit.ac.jp/mpms/top.php,150.89.227.15,L505-15.is.oit.ac.jp,Mozilla/5.0 (X11; Ubuntu; Linux x86_64; rv:31.0) Gecko/20100101 Firefox/31.0
2014-12-09 12:21:32,/newmpms/mine.php,http://l505-15.is.oit.ac.jp/mpms/top.php,150.89.227.15,L505-15.is.oit.ac.jp,Mozilla/5.0 (X11; Ubuntu; Linux x86_64; rv:31.0) Gecko/20100101 Firefox/31.0
2014-12-09 12:24:14,/newmpms/mine.php,http://l505-15.is.oit.ac.jp/mpms/top.php,150.89.227.15,L505-15.is.oit.ac.jp,Mozilla/5.0 (X11; Ubuntu; Linux x86_64; rv:31.0) Gecko/20100101 Firefox/31.0
2014-12-09 13:21:56,/newmpms/mine.php,http://l505-15.is.oit.ac.jp/mpms/top.php,150.89.227.15,L505-15.is.oit.ac.jp,Mozilla/5.0 (X11; Ubuntu; Linux x86_64; rv:31.0) Gecko/20100101 Firefox/31.0
2014-12-09 13:22:55,/newmpms/mine.php,http://l505-15.is.oit.ac.jp/mpms/top.php,150.89.227.15,L505-15.is.oit.ac.jp,Mozilla/5.0 (X11; Ubuntu; Linux x86_64; rv:31.0) Gecko/20100101 Firefox/31.0
2014-12-09 13:23:17,/newmpms/mine.php,http://l505-15.is.oit.ac.jp/mpms/top.php,150.89.227.15,L505-15.is.oit.ac.jp,Mozilla/5.0 (X11; Ubuntu; Linux x86_64; rv:31.0) Gecko/20100101 Firefox/31.0
2014-12-09 13:23:21,/newmpms/mine.php,http://l505-15.is.oit.ac.jp/mpms/top.php,150.89.227.15,L505-15.is.oit.ac.jp,Mozilla/5.0 (X11; Ubuntu; Linux x86_64; rv:31.0) Gecko/20100101 Firefox/31.0
2014-12-09 13:23:29,/newmpms/mine.php,http://l505-15.is.oit.ac.jp/mpms/top.php,150.89.227.15,L505-15.is.oit.ac.jp,Mozilla/5.0 (X11; Ubuntu; Linux x86_64; rv:31.0) Gecko/20100101 Firefox/31.0
2014-12-09 13:23:55,/newmpms/mine.php,http://l505-15.is.oit.ac.jp/mpms/top.php,150.89.227.15,L505-15.is.oit.ac.jp,Mozilla/5.0 (X11; Ubuntu; Linux x86_64; rv:31.0) Gecko/20100101 Firefox/31.0
2014-12-09 13:38:02,/newmpms/mine.php,http://l505-15.is.oit.ac.jp/mpms/top.php,150.89.227.15,L505-15.is.oit.ac.jp,Mozilla/5.0 (X11; Ubuntu; Linux x86_64; rv:31.0) Gecko/20100101 Firefox/31.0
2014-12-09 14:01:44,/newmpms/mine.php,http://l505-15.is.oit.ac.jp/mpms/top.php,150.89.227.15,L505-15.is.oit.ac.jp,Mozilla/4.0 (compatible; MSIE 7.0; Windows NT 6.3; WOW64; Trident/7.0; .NET4.0E; .NET4.0C; .NET CLR 3.5.30729; .NET CLR 2.0.50727; .NET CLR 3.0.30729; Tablet PC 2.0)
2014-12-09 14:02:00,/newmpms/mine.php,http://l505-15.is.oit.ac.jp/mpms/top.php,150.89.227.15,L505-15.is.oit.ac.jp,Mozilla/4.0 (compatible; MSIE 7.0; Windows NT 6.3; WOW64; Trident/7.0; .NET4.0E; .NET4.0C; .NET CLR 3.5.30729; .NET CLR 2.0.50727; .NET CLR 3.0.30729; Tablet PC 2.0)
2014-12-09 14:02:09,/newmpms/mine.php,http://l505-15.is.oit.ac.jp/mpms/top.php,150.89.227.15,L505-15.is.oit.ac.jp,Mozilla/4.0 (compatible; MSIE 7.0; Windows NT 6.3; WOW64; Trident/7.0; .NET4.0E; .NET4.0C; .NET CLR 3.5.30729; .NET CLR 2.0.50727; .NET CLR 3.0.30729; Tablet PC 2.0)
2014-12-09 14:39:02,/newmpms/mine.php,http://l505-15.is.oit.ac.jp/mpms/top.php,150.89.227.15,L505-15.is.oit.ac.jp,Mozilla/5.0 (X11; Ubuntu; Linux x86_64; rv:31.0) Gecko/20100101 Firefox/31.0
2014-12-09 14:40:10,/newmpms/mine.php,http://l505-15.is.oit.ac.jp/mpms/top.php,150.89.227.15,L505-15.is.oit.ac.jp,Mozilla/5.0 (X11; Ubuntu; Linux x86_64; rv:31.0) Gecko/20100101 Firefox/31.0
2014-12-09 14:48:20,/newmpms/mine.php,http://l505-15.is.oit.ac.jp/mpms/top.php,150.89.227.15,L505-15.is.oit.ac.jp,Mozilla/5.0 (X11; Ubuntu; Linux x86_64; rv:31.0) Gecko/20100101 Firefox/31.0
2014-12-09 17:09:14,/newmpms/mine.php,http://l505-15.is.oit.ac.jp/mpms/top.php,150.89.227.15,L505-15.is.oit.ac.jp,Mozilla/5.0 (Windows NT 6.3; WOW64; rv:24.0) Gecko/20100101 Firefox/24.0
2014-12-10 18:17:25,/newmpms/mine.php,http://l505-15.is.oit.ac.jp/mpms/top.php,150.89.227.15,L505-15.is.oit.ac.jp,Mozilla/5.0 (Windows NT 6.1; WOW64; Trident/7.0; rv:11.0) like Gecko
2014-12-10 18:18:22,/newmpms/mine.php,http://l505-15.is.oit.ac.jp/mpms/top.php,150.89.227.15,L505-15.is.oit.ac.jp,Mozilla/5.0 (Windows NT 6.1; WOW64; Trident/7.0; rv:11.0) like Gecko
2014-12-10 18:19:42,/newmpms/mine.php,http://l505-15.is.oit.ac.jp/mpms/top.php,150.89.227.15,L505-15.is.oit.ac.jp,Mozilla/5.0 (Windows NT 6.1; WOW64; Trident/7.0; rv:11.0) like Gecko
2014-12-10 18:21:08,/newmpms/mine.php,http://l505-15.is.oit.ac.jp/mpms/top.php,150.89.227.15,L505-15.is.oit.ac.jp,Mozilla/5.0 (Windows NT 6.1; WOW64; Trident/7.0; rv:11.0) like Gecko
2014-12-10 18:21:46,/newmpms/mine.php,http://l505-15.is.oit.ac.jp/mpms/top.php,150.89.227.15,L505-15.is.oit.ac.jp,Mozilla/5.0 (Windows NT 6.1; WOW64; Trident/7.0; rv:11.0) like Gecko
2014-12-10 18:23:00,/newmpms/mine.php,http://l505-15.is.oit.ac.jp/mpms/top.php,150.89.227.15,L505-15.is.oit.ac.jp,Mozilla/5.0 (Windows NT 6.1; WOW64; Trident/7.0; rv:11.0) like Gecko
2014-12-10 18:28:26,/newmpms/mine.php,http://l505-15.is.oit.ac.jp/mpms/top.php,150.89.227.15,L505-15.is.oit.ac.jp,Mozilla/5.0 (Windows NT 6.1; WOW64; Trident/7.0; rv:11.0) like Gecko
2014-12-10 18:33:14,/newmpms/mine.php,http://l505-15.is.oit.ac.jp/mpms/top.php,150.89.227.15,L505-15.is.oit.ac.jp,Mozilla/5.0 (Windows NT 6.1; WOW64; Trident/7.0; rv:11.0) like Gecko
2014-12-10 18:34:36,/newmpms/mine.php,http://l505-15.is.oit.ac.jp/mpms/top.php,150.89.227.15,L505-15.is.oit.ac.jp,Mozilla/5.0 (Windows NT 6.1; WOW64; Trident/7.0; rv:11.0) like Gecko
2014-12-10 18:35:39,/newmpms/mine.php,http://l505-15.is.oit.ac.jp/mpms/top.php,150.89.227.15,L505-15.is.oit.ac.jp,Mozilla/5.0 (Windows NT 6.1; WOW64; Trident/7.0; rv:11.0) like Gecko
2014-12-10 18:36:32,/newmpms/mine.php,http://l505-15.is.oit.ac.jp/mpms/top.php,150.89.227.15,L505-15.is.oit.ac.jp,Mozilla/5.0 (Windows NT 6.1; WOW64; Trident/7.0; rv:11.0) like Gecko
2014-12-10 18:41:25,/newmpms/mine.php,http://l505-15.is.oit.ac.jp/mpms/top.php,150.89.227.15,L505-15.is.oit.ac.jp,Mozilla/5.0 (Windows NT 6.1; WOW64; Trident/7.0; rv:11.0) like Gecko
2014-12-10 18:41:34,/newmpms/mine.php,http://l505-15.is.oit.ac.jp/mpms/top.php,150.89.227.15,L505-15.is.oit.ac.jp,Mozilla/5.0 (Windows NT 6.1; WOW64; Trident/7.0; rv:11.0) like Gecko
2014-12-10 18:41:34,/newmpms/mine.php,http://l505-15.is.oit.ac.jp/mpms/top.php,150.89.227.15,L505-15.is.oit.ac.jp,Mozilla/5.0 (Windows NT 6.1; WOW64; Trident/7.0; rv:11.0) like Gecko
2014-12-10 18:41:59,/newmpms/mine.php,http://l505-15.is.oit.ac.jp/mpms/top.php,150.89.227.15,L505-15.is.oit.ac.jp,Mozilla/5.0 (Windows NT 6.1; WOW64; Trident/7.0; rv:11.0) like Gecko
2014-12-10 18:43:33,/newmpms/mine.php,http://l505-15.is.oit.ac.jp/mpms/top.php,150.89.227.15,L505-15.is.oit.ac.jp,Mozilla/5.0 (Windows NT 6.1; WOW64; Trident/7.0; rv:11.0) like Gecko
2014-12-10 18:44:30,/newmpms/mine.php,http://l505-15.is.oit.ac.jp/mpms/top.php,150.89.227.15,L505-15.is.oit.ac.jp,Mozilla/5.0 (Windows NT 6.1; WOW64; Trident/7.0; rv:11.0) like Gecko
2014-12-10 18:46:11,/newmpms/mine.php,http://l505-15.is.oit.ac.jp/mpms/top.php,150.89.227.15,L505-15.is.oit.ac.jp,Mozilla/5.0 (Windows NT 6.1; WOW64; Trident/7.0; rv:11.0) like Gecko
2014-12-10 18:47:10,/newmpms/mine.php,http://l505-15.is.oit.ac.jp/mpms/top.php,150.89.227.15,L505-15.is.oit.ac.jp,Mozilla/5.0 (Windows NT 6.1; WOW64; Trident/7.0; rv:11.0) like Gecko
2014-12-10 18:48:29,/newmpms/mine.php,http://l505-15.is.oit.ac.jp/mpms/top.php,150.89.227.15,L505-15.is.oit.ac.jp,Mozilla/5.0 (Windows NT 6.1; WOW64; Trident/7.0; rv:11.0) like Gecko
2014-12-10 18:48:43,/newmpms/mine.php,http://l505-15.is.oit.ac.jp/mpms/top.php,150.89.227.15,L505-15.is.oit.ac.jp,Mozilla/5.0 (Windows NT 6.1; WOW64; Trident/7.0; rv:11.0) like Gecko
2014-12-10 18:49:23,/newmpms/mine.php,http://l505-15.is.oit.ac.jp/mpms/top.php,150.89.227.15,L505-15.is.oit.ac.jp,Mozilla/5.0 (Windows NT 6.1; WOW64; Trident/7.0; rv:11.0) like Gecko
2014-12-10 18:49:30,/newmpms/mine.php,http://l505-15.is.oit.ac.jp/mpms/top.php,150.89.227.15,L505-15.is.oit.ac.jp,Mozilla/5.0 (Windows NT 6.1; WOW64; Trident/7.0; rv:11.0) like Gecko
2014-12-10 18:49:30,/newmpms/mine.php,http://l505-15.is.oit.ac.jp/mpms/top.php,150.89.227.15,L505-15.is.oit.ac.jp,Mozilla/5.0 (Windows NT 6.1; WOW64; Trident/7.0; rv:11.0) like Gecko
2014-12-10 18:49:42,/newmpms/mine.php,http://l505-15.is.oit.ac.jp/mpms/top.php,150.89.227.15,L505-15.is.oit.ac.jp,Mozilla/5.0 (Windows NT 6.1; WOW64; Trident/7.0; rv:11.0) like Gecko
2014-12-10 18:50:25,/newmpms/mine.php,http://l505-15.is.oit.ac.jp/mpms/top.php,150.89.227.15,L505-15.is.oit.ac.jp,Mozilla/5.0 (Windows NT 6.1; WOW64; Trident/7.0; rv:11.0) like Gecko
2014-12-10 18:50:26,/newmpms/mine.php,http://l505-15.is.oit.ac.jp/mpms/top.php,150.89.227.15,L505-15.is.oit.ac.jp,Mozilla/5.0 (Windows NT 6.1; WOW64; Trident/7.0; rv:11.0) like Gecko
2014-12-10 18:50:26,/newmpms/mine.php,http://l505-15.is.oit.ac.jp/mpms/top.php,150.89.227.15,L505-15.is.oit.ac.jp,Mozilla/5.0 (Windows NT 6.1; WOW64; Trident/7.0; rv:11.0) like Gecko
2014-12-10 18:50:26,/newmpms/mine.php,http://l505-15.is.oit.ac.jp/mpms/top.php,150.89.227.15,L505-15.is.oit.ac.jp,Mozilla/5.0 (Windows NT 6.1; WOW64; Trident/7.0; rv:11.0) like Gecko
2014-12-10 18:50:26,/newmpms/mine.php,http://l505-15.is.oit.ac.jp/mpms/top.php,150.89.227.15,L505-15.is.oit.ac.jp,Mozilla/5.0 (Windows NT 6.1; WOW64; Trident/7.0; rv:11.0) like Gecko
2014-12-10 18:50:26,/newmpms/mine.php,http://l505-15.is.oit.ac.jp/mpms/top.php,150.89.227.15,L505-15.is.oit.ac.jp,Mozilla/5.0 (Windows NT 6.1; WOW64; Trident/7.0; rv:11.0) like Gecko
2014-12-10 18:50:27,/newmpms/mine.php,http://l505-15.is.oit.ac.jp/mpms/top.php,150.89.227.15,L505-15.is.oit.ac.jp,Mozilla/5.0 (Windows NT 6.1; WOW64; Trident/7.0; rv:11.0) like Gecko
2014-12-10 18:50:27,/newmpms/mine.php,http://l505-15.is.oit.ac.jp/mpms/top.php,150.89.227.15,L505-15.is.oit.ac.jp,Mozilla/5.0 (Windows NT 6.1; WOW64; Trident/7.0; rv:11.0) like Gecko
2014-12-10 18:50:27,/newmpms/mine.php,http://l505-15.is.oit.ac.jp/mpms/top.php,150.89.227.15,L505-15.is.oit.ac.jp,Mozilla/5.0 (Windows NT 6.1; WOW64; Trident/7.0; rv:11.0) like Gecko
2014-12-10 18:50:27,/newmpms/mine.php,http://l505-15.is.oit.ac.jp/mpms/top.php,150.89.227.15,L505-15.is.oit.ac.jp,Mozilla/5.0 (Windows NT 6.1; WOW64; Trident/7.0; rv:11.0) like Gecko
2014-12-10 18:50:27,/newmpms/mine.php,http://l505-15.is.oit.ac.jp/mpms/top.php,150.89.227.15,L505-15.is.oit.ac.jp,Mozilla/5.0 (Windows NT 6.1; WOW64; Trident/7.0; rv:11.0) like Gecko
2014-12-10 18:50:47,/newmpms/mine.php,http://l505-15.is.oit.ac.jp/mpms/top.php,150.89.227.15,L505-15.is.oit.ac.jp,Mozilla/5.0 (Windows NT 6.1; WOW64; Trident/7.0; rv:11.0) like Gecko
2014-12-10 18:51:10,/newmpms/mine.php,http://l505-15.is.oit.ac.jp/mpms/top.php,150.89.227.15,L505-15.is.oit.ac.jp,Mozilla/5.0 (Windows NT 6.1; WOW64; Trident/7.0; rv:11.0) like Gecko
2014-12-10 18:52:25,/newmpms/mine.php,http://l505-15.is.oit.ac.jp/mpms/top.php,150.89.227.15,L505-15.is.oit.ac.jp,Mozilla/5.0 (Windows NT 6.1; WOW64; Trident/7.0; rv:11.0) like Gecko
2014-12-10 18:53:32,/newmpms/mine.php,http://l505-15.is.oit.ac.jp/mpms/top.php,150.89.227.15,L505-15.is.oit.ac.jp,Mozilla/5.0 (Windows NT 6.1; WOW64; Trident/7.0; rv:11.0) like Gecko
2014-12-10 18:55:36,/newmpms/mine.php,http://l505-15.is.oit.ac.jp/mpms/top.php,150.89.227.15,L505-15.is.oit.ac.jp,Mozilla/5.0 (Windows NT 6.1; WOW64; Trident/7.0; rv:11.0) like Gecko
2014-12-10 18:56:21,/newmpms/mine.php,http://l505-15.is.oit.ac.jp/mpms/top.php,150.89.227.15,L505-15.is.oit.ac.jp,Mozilla/5.0 (Windows NT 6.1; WOW64; Trident/7.0; rv:11.0) like Gecko
2014-12-10 18:56:27,/newmpms/mine.php,http://l505-15.is.oit.ac.jp/mpms/top.php,150.89.227.15,L505-15.is.oit.ac.jp,Mozilla/5.0 (Windows NT 6.1; WOW64; Trident/7.0; rv:11.0) like Gecko
2014-12-10 18:56:27,/newmpms/mine.php,http://l505-15.is.oit.ac.jp/mpms/top.php,150.89.227.15,L505-15.is.oit.ac.jp,Mozilla/5.0 (Windows NT 6.1; WOW64; Trident/7.0; rv:11.0) like Gecko
2014-12-10 18:56:30,/newmpms/mine.php,http://l505-15.is.oit.ac.jp/mpms/top.php,150.89.227.15,L505-15.is.oit.ac.jp,Mozilla/5.0 (Windows NT 6.1; WOW64; Trident/7.0; rv:11.0) like Gecko
2014-12-10 18:57:11,/newmpms/mine.php,http://l505-15.is.oit.ac.jp/mpms/top.php,150.89.227.15,L505-15.is.oit.ac.jp,Mozilla/5.0 (Windows NT 6.1; WOW64; Trident/7.0; rv:11.0) like Gecko
2014-12-10 18:57:12,/newmpms/mine.php,http://l505-15.is.oit.ac.jp/mpms/top.php,150.89.227.15,L505-15.is.oit.ac.jp,Mozilla/5.0 (Windows NT 6.1; WOW64; Trident/7.0; rv:11.0) like Gecko
2014-12-10 18:57:12,/newmpms/mine.php,http://l505-15.is.oit.ac.jp/mpms/top.php,150.89.227.15,L505-15.is.oit.ac.jp,Mozilla/5.0 (Windows NT 6.1; WOW64; Trident/7.0; rv:11.0) like Gecko
2014-12-10 18:57:12,/newmpms/mine.php,http://l505-15.is.oit.ac.jp/mpms/top.php,150.89.227.15,L505-15.is.oit.ac.jp,Mozilla/5.0 (Windows NT 6.1; WOW64; Trident/7.0; rv:11.0) like Gecko
2014-12-10 18:57:12,/newmpms/mine.php,http://l505-15.is.oit.ac.jp/mpms/top.php,150.89.227.15,L505-15.is.oit.ac.jp,Mozilla/5.0 (Windows NT 6.1; WOW64; Trident/7.0; rv:11.0) like Gecko
2014-12-10 18:57:12,/newmpms/mine.php,http://l505-15.is.oit.ac.jp/mpms/top.php,150.89.227.15,L505-15.is.oit.ac.jp,Mozilla/5.0 (Windows NT 6.1; WOW64; Trident/7.0; rv:11.0) like Gecko
2014-12-10 18:57:13,/newmpms/mine.php,http://l505-15.is.oit.ac.jp/mpms/top.php,150.89.227.15,L505-15.is.oit.ac.jp,Mozilla/5.0 (Windows NT 6.1; WOW64; Trident/7.0; rv:11.0) like Gecko
2014-12-10 18:57:13,/newmpms/mine.php,http://l505-15.is.oit.ac.jp/mpms/top.php,150.89.227.15,L505-15.is.oit.ac.jp,Mozilla/5.0 (Windows NT 6.1; WOW64; Trident/7.0; rv:11.0) like Gecko
2014-12-10 18:57:13,/newmpms/mine.php,http://l505-15.is.oit.ac.jp/mpms/top.php,150.89.227.15,L505-15.is.oit.ac.jp,Mozilla/5.0 (Windows NT 6.1; WOW64; Trident/7.0; rv:11.0) like Gecko
2014-12-10 18:57:13,/newmpms/mine.php,http://l505-15.is.oit.ac.jp/mpms/top.php,150.89.227.15,L505-15.is.oit.ac.jp,Mozilla/5.0 (Windows NT 6.1; WOW64; Trident/7.0; rv:11.0) like Gecko
2014-12-10 18:59:38,/newmpms/mine.php,http://l505-15.is.oit.ac.jp/mpms/top.php,150.89.227.15,L505-15.is.oit.ac.jp,Mozilla/5.0 (Windows NT 6.1; WOW64; Trident/7.0; rv:11.0) like Gecko
2014-12-10 19:00:45,/newmpms/mine.php,http://l505-15.is.oit.ac.jp/mpms/top.php,150.89.227.15,L505-15.is.oit.ac.jp,Mozilla/5.0 (Windows NT 6.1; WOW64; Trident/7.0; rv:11.0) like Gecko
2014-12-10 19:02:13,/newmpms/mine.php,http://l505-15.is.oit.ac.jp/mpms/top.php,150.89.227.15,L505-15.is.oit.ac.jp,Mozilla/5.0 (Windows NT 6.1; WOW64; Trident/7.0; rv:11.0) like Gecko
2014-12-10 19:06:50,/newmpms/mine.php,http://l505-15.is.oit.ac.jp/mpms/top.php,150.89.227.15,L505-15.is.oit.ac.jp,Mozilla/5.0 (Windows NT 6.1; WOW64; Trident/7.0; rv:11.0) like Gecko
2014-12-10 19:08:06,/newmpms/mine.php,http://l505-15.is.oit.ac.jp/mpms/top.php,150.89.227.15,L505-15.is.oit.ac.jp,Mozilla/5.0 (Windows NT 6.1; WOW64; Trident/7.0; rv:11.0) like Gecko
2014-12-10 19:08:34,/newmpms/mine.php,http://l505-15.is.oit.ac.jp/mpms/top.php,150.89.227.15,L505-15.is.oit.ac.jp,Mozilla/5.0 (Windows NT 6.1; WOW64; Trident/7.0; rv:11.0) like Gecko
2014-12-10 19:08:35,/newmpms/mine.php,http://l505-15.is.oit.ac.jp/mpms/top.php,150.89.227.15,L505-15.is.oit.ac.jp,Mozilla/5.0 (Windows NT 6.1; WOW64; Trident/7.0; rv:11.0) like Gecko
2014-12-10 19:08:35,/newmpms/mine.php,http://l505-15.is.oit.ac.jp/mpms/top.php,150.89.227.15,L505-15.is.oit.ac.jp,Mozilla/5.0 (Windows NT 6.1; WOW64; Trident/7.0; rv:11.0) like Gecko
2014-12-10 19:08:35,/newmpms/mine.php,http://l505-15.is.oit.ac.jp/mpms/top.php,150.89.227.15,L505-15.is.oit.ac.jp,Mozilla/5.0 (Windows NT 6.1; WOW64; Trident/7.0; rv:11.0) like Gecko
2014-12-10 19:08:36,/newmpms/mine.php,http://l505-15.is.oit.ac.jp/mpms/top.php,150.89.227.15,L505-15.is.oit.ac.jp,Mozilla/5.0 (Windows NT 6.1; WOW64; Trident/7.0; rv:11.0) like Gecko
2014-12-10 19:09:30,/newmpms/mine.php,http://l505-15.is.oit.ac.jp/mpms/top.php,150.89.227.15,L505-15.is.oit.ac.jp,Mozilla/5.0 (Windows NT 6.1; WOW64; Trident/7.0; rv:11.0) like Gecko
2014-12-10 19:09:30,/newmpms/mine.php,http://l505-15.is.oit.ac.jp/mpms/top.php,150.89.227.15,L505-15.is.oit.ac.jp,Mozilla/5.0 (Windows NT 6.1; WOW64; Trident/7.0; rv:11.0) like Gecko
2014-12-10 19:09:31,/newmpms/mine.php,http://l505-15.is.oit.ac.jp/mpms/top.php,150.89.227.15,L505-15.is.oit.ac.jp,Mozilla/5.0 (Windows NT 6.1; WOW64; Trident/7.0; rv:11.0) like Gecko
2014-12-10 19:09:31,/newmpms/mine.php,http://l505-15.is.oit.ac.jp/mpms/top.php,150.89.227.15,L505-15.is.oit.ac.jp,Mozilla/5.0 (Windows NT 6.1; WOW64; Trident/7.0; rv:11.0) like Gecko
2014-12-10 19:09:31,/newmpms/mine.php,http://l505-15.is.oit.ac.jp/mpms/top.php,150.89.227.15,L505-15.is.oit.ac.jp,Mozilla/5.0 (Windows NT 6.1; WOW64; Trident/7.0; rv:11.0) like Gecko
2014-12-10 19:09:31,/newmpms/mine.php,http://l505-15.is.oit.ac.jp/mpms/top.php,150.89.227.15,L505-15.is.oit.ac.jp,Mozilla/5.0 (Windows NT 6.1; WOW64; Trident/7.0; rv:11.0) like Gecko
2014-12-10 19:46:42,/newmpms/mine.php,http://l505-15.is.oit.ac.jp/mpms/top.php,150.89.227.15,L505-15.is.oit.ac.jp,Mozilla/5.0 (Windows NT 6.1; WOW64; Trident/7.0; rv:11.0) like Gecko
2014-12-10 19:46:50,/newmpms/mine.php,http://l505-15.is.oit.ac.jp/mpms/top.php,150.89.227.15,L505-15.is.oit.ac.jp,Mozilla/5.0 (Windows NT 6.1; WOW64; Trident/7.0; rv:11.0) like Gecko
2014-12-10 19:55:10,/newmpms/mine.php,http://l505-15.is.oit.ac.jp/mpms/top.php,150.89.227.15,L505-15.is.oit.ac.jp,Mozilla/5.0 (Windows NT 6.1; WOW64; Trident/7.0; rv:11.0) like Gecko
2014-12-10 19:58:30,/newmpms/mine.php,http://l505-15.is.oit.ac.jp/mpms/top.php,150.89.227.15,L505-15.is.oit.ac.jp,Mozilla/5.0 (Windows NT 6.1; WOW64; Trident/7.0; rv:11.0) like Gecko
2014-12-10 19:59:29,/newmpms/mine.php,http://l505-15.is.oit.ac.jp/mpms/top.php,150.89.227.15,L505-15.is.oit.ac.jp,Mozilla/5.0 (Windows NT 6.1; WOW64; Trident/7.0; rv:11.0) like Gecko
2014-12-10 20:00:38,/newmpms/mine.php,http://l505-15.is.oit.ac.jp/mpms/top.php,150.89.227.15,L505-15.is.oit.ac.jp,Mozilla/5.0 (Windows NT 6.1; WOW64; Trident/7.0; rv:11.0) like Gecko
2014-12-10 20:01:32,/newmpms/mine.php,http://l505-15.is.oit.ac.jp/mpms/top.php,150.89.227.15,L505-15.is.oit.ac.jp,Mozilla/5.0 (Windows NT 6.1; WOW64; Trident/7.0; rv:11.0) like Gecko
2014-12-10 20:01:35,/newmpms/mine.php,http://l505-15.is.oit.ac.jp/mpms/top.php,150.89.227.15,L505-15.is.oit.ac.jp,Mozilla/5.0 (Windows NT 6.1; WOW64; Trident/7.0; rv:11.0) like Gecko
2014-12-10 20:20:58,/newmpms/mine.php,http://l505-15.is.oit.ac.jp/mpms/top.php,150.89.227.15,L505-15.is.oit.ac.jp,Mozilla/5.0 (Windows NT 6.1; WOW64; Trident/7.0; rv:11.0) like Gecko
2014-12-10 20:22:43,/newmpms/mine.php,http://l505-15.is.oit.ac.jp/mpms/top.php,150.89.227.15,L505-15.is.oit.ac.jp,Mozilla/5.0 (Windows NT 6.1; WOW64; Trident/7.0; rv:11.0) like Gecko
2014-12-10 20:23:20,/newmpms/mine.php,http://l505-15.is.oit.ac.jp/mpms/top.php,150.89.227.15,L505-15.is.oit.ac.jp,Mozilla/5.0 (Windows NT 6.1; WOW64; Trident/7.0; rv:11.0) like Gecko
2014-12-10 20:23:24,/newmpms/mine.php,http://l505-15.is.oit.ac.jp/mpms/top.php,150.89.227.15,L505-15.is.oit.ac.jp,Mozilla/5.0 (Windows NT 6.1; WOW64; Trident/7.0; rv:11.0) like Gecko
2014-12-10 20:24:03,/newmpms/mine.php,http://l505-15.is.oit.ac.jp/mpms/top.php,150.89.227.15,L505-15.is.oit.ac.jp,Mozilla/5.0 (Windows NT 6.1; WOW64; Trident/7.0; rv:11.0) like Gecko
2014-12-10 20:24:09,/newmpms/mine.php,http://l505-15.is.oit.ac.jp/mpms/top.php,150.89.227.15,L505-15.is.oit.ac.jp,Mozilla/5.0 (Windows NT 6.1; WOW64; Trident/7.0; rv:11.0) like Gecko
2014-12-10 20:24:52,/newmpms/mine.php,http://l505-15.is.oit.ac.jp/mpms/top.php,150.89.227.15,L505-15.is.oit.ac.jp,Mozilla/5.0 (Windows NT 6.1; WOW64; Trident/7.0; rv:11.0) like Gecko
2014-12-10 20:42:40,/newmpms/mine.php,http://l505-15.is.oit.ac.jp/mpms/top.php,150.89.227.15,L505-15.is.oit.ac.jp,Mozilla/5.0 (Windows NT 6.1; WOW64; Trident/7.0; rv:11.0) like Gecko
2014-12-10 20:42:47,/newmpms/mine.php,http://l505-15.is.oit.ac.jp/mpms/top.php,150.89.227.15,L505-15.is.oit.ac.jp,Mozilla/5.0 (Windows NT 6.1; WOW64; Trident/7.0; rv:11.0) like Gecko
2014-12-10 20:43:58,/newmpms/mine.php,http://l505-15.is.oit.ac.jp/mpms/top.php,150.89.227.15,L505-15.is.oit.ac.jp,Mozilla/5.0 (Windows NT 6.1; WOW64; Trident/7.0; rv:11.0) like Gecko
2014-12-10 20:44:05,/newmpms/mine.php,http://l505-15.is.oit.ac.jp/mpms/top.php,150.89.227.15,L505-15.is.oit.ac.jp,Mozilla/5.0 (Windows NT 6.1; WOW64; Trident/7.0; rv:11.0) like Gecko
2014-12-10 20:45:52,/newmpms/mine.php,http://l505-15.is.oit.ac.jp/mpms/top.php,150.89.227.15,L505-15.is.oit.ac.jp,Mozilla/5.0 (Windows NT 6.1; WOW64; Trident/7.0; rv:11.0) like Gecko
2014-12-10 20:47:28,/newmpms/mine.php,http://l505-15.is.oit.ac.jp/mpms/top.php,150.89.227.15,L505-15.is.oit.ac.jp,Mozilla/5.0 (Windows NT 6.1; WOW64; Trident/7.0; rv:11.0) like Gecko
2014-12-10 20:48:18,/newmpms/mine.php,http://l505-15.is.oit.ac.jp/mpms/top.php,150.89.227.15,L505-15.is.oit.ac.jp,Mozilla/5.0 (Windows NT 6.1; WOW64; Trident/7.0; rv:11.0) like Gecko
2014-12-10 20:49:06,/newmpms/mine.php,http://l505-15.is.oit.ac.jp/mpms/top.php,150.89.227.15,L505-15.is.oit.ac.jp,Mozilla/5.0 (Windows NT 6.1; WOW64; Trident/7.0; rv:11.0) like Gecko
2014-12-10 20:49:08,/newmpms/mine.php,http://l505-15.is.oit.ac.jp/mpms/top.php,150.89.227.15,L505-15.is.oit.ac.jp,Mozilla/5.0 (Windows NT 6.1; WOW64; Trident/7.0; rv:11.0) like Gecko
2014-12-10 20:49:48,/newmpms/mine.php,http://l505-15.is.oit.ac.jp/mpms/top.php,150.89.227.15,L505-15.is.oit.ac.jp,Mozilla/5.0 (Windows NT 6.1; WOW64; Trident/7.0; rv:11.0) like Gecko
2014-12-10 20:50:53,/newmpms/mine.php,http://l505-15.is.oit.ac.jp/mpms/top.php,150.89.227.15,L505-15.is.oit.ac.jp,Mozilla/5.0 (Windows NT 6.1; WOW64; Trident/7.0; rv:11.0) like Gecko
2014-12-10 20:52:19,/newmpms/mine.php,http://l505-15.is.oit.ac.jp/mpms/top.php,150.89.227.15,L505-15.is.oit.ac.jp,Mozilla/5.0 (Windows NT 6.1; WOW64; Trident/7.0; rv:11.0) like Gecko
2014-12-10 20:54:15,/newmpms/mine.php,http://l505-15.is.oit.ac.jp/mpms/top.php,150.89.227.15,L505-15.is.oit.ac.jp,Mozilla/5.0 (Windows NT 6.1; WOW64; Trident/7.0; rv:11.0) like Gecko
2014-12-10 20:55:45,/newmpms/mine.php,http://l505-15.is.oit.ac.jp/mpms/top.php,150.89.227.15,L505-15.is.oit.ac.jp,Mozilla/5.0 (Windows NT 6.1; WOW64; Trident/7.0; rv:11.0) like Gecko
2014-12-10 20:56:49,/newmpms/mine.php,http://l505-15.is.oit.ac.jp/mpms/top.php,150.89.227.15,L505-15.is.oit.ac.jp,Mozilla/5.0 (Windows NT 6.1; WOW64; Trident/7.0; rv:11.0) like Gecko
2014-12-10 23:41:17,/newmpms/mine.php,http://l505-15.is.oit.ac.jp/mpms/top.php,150.89.227.15,L505-15.is.oit.ac.jp,Mozilla/5.0 (Macintosh; Intel Mac OS X 10.10; rv:34.0) Gecko/20100101 Firefox/34.0
2014-12-11 14:25:44,/newmpms/mine.php,http://l505-15.is.oit.ac.jp/mpms/top.php,150.89.227.15,L505-15.is.oit.ac.jp,Mozilla/4.0 (compatible; MSIE 7.0; Windows NT 6.3; WOW64; Trident/7.0; .NET4.0E; .NET4.0C; .NET CLR 3.5.30729; .NET CLR 2.0.50727; .NET CLR 3.0.30729; Tablet PC 2.0)
2014-12-11 14:25:59,/newmpms/mine.php,http://l505-15.is.oit.ac.jp/mpms/top.php,150.89.227.15,L505-15.is.oit.ac.jp,Mozilla/4.0 (compatible; MSIE 7.0; Windows NT 6.3; WOW64; Trident/7.0; .NET4.0E; .NET4.0C; .NET CLR 3.5.30729; .NET CLR 2.0.50727; .NET CLR 3.0.30729; Tablet PC 2.0)
2014-12-11 14:28:22,/newmpms/mine.php,http://l505-15.is.oit.ac.jp/mpms/top.php,150.89.227.15,L505-15.is.oit.ac.jp,Mozilla/4.0 (compatible; MSIE 7.0; Windows NT 6.3; WOW64; Trident/7.0; .NET4.0E; .NET4.0C; .NET CLR 3.5.30729; .NET CLR 2.0.50727; .NET CLR 3.0.30729; Tablet PC 2.0)
2014-12-11 14:28:31,/newmpms/mine.php,http://l505-15.is.oit.ac.jp/mpms/top.php,150.89.227.15,L505-15.is.oit.ac.jp,Mozilla/4.0 (compatible; MSIE 7.0; Windows NT 6.3; WOW64; Trident/7.0; .NET4.0E; .NET4.0C; .NET CLR 3.5.30729; .NET CLR 2.0.50727; .NET CLR 3.0.30729; Tablet PC 2.0)
2014-12-12 14:47:39,/newmpms/mine.php,http://l505-15.is.oit.ac.jp/mpms/top.php,150.89.227.15,L505-15.is.oit.ac.jp,Mozilla/4.0 (compatible; MSIE 7.0; Windows NT 6.3; WOW64; Trident/7.0; .NET4.0E; .NET4.0C; .NET CLR 3.5.30729; .NET CLR 2.0.50727; .NET CLR 3.0.30729; Tablet PC 2.0)
2014-12-12 14:47:58,/newmpms/mine.php,http://l505-15.is.oit.ac.jp/mpms/top.php,150.89.227.15,L505-15.is.oit.ac.jp,Mozilla/4.0 (compatible; MSIE 7.0; Windows NT 6.3; WOW64; Trident/7.0; .NET4.0E; .NET4.0C; .NET CLR 3.5.30729; .NET CLR 2.0.50727; .NET CLR 3.0.30729; Tablet PC 2.0)
2014-12-14 02:14:35,/newmpms/mine.php,http://l505-15.is.oit.ac.jp/mpms/top.php,150.89.227.15,L505-15.is.oit.ac.jp,Mozilla/5.0 (Windows NT 6.1; WOW64) AppleWebKit/537.36 (KHTML， like Gecko) Chrome/39.0.2171.95 Safari/537.36
2014-12-14 02:14:57,/newmpms/mine.php,http://l505-15.is.oit.ac.jp/mpms/top.php,150.89.227.15,L505-15.is.oit.ac.jp,Mozilla/5.0 (Windows NT 6.1; WOW64) AppleWebKit/537.36 (KHTML， like Gecko) Chrome/39.0.2171.95 Safari/537.36
2014-12-14 12:43:15,/newmpms/mine.php,http://l505-15.is.oit.ac.jp/mpms/top.php,150.89.227.15,L505-15.is.oit.ac.jp,Mozilla/5.0 (Windows NT 6.1; WOW64) AppleWebKit/537.36 (KHTML， like Gecko) Chrome/39.0.2171.95 Safari/537.36
2014-12-14 12:48:15,/newmpms/mine.php,http://l505-15.is.oit.ac.jp/mpms/top.php,150.89.227.15,L505-15.is.oit.ac.jp,Mozilla/5.0 (Windows NT 6.1; WOW64) AppleWebKit/537.36 (KHTML， like Gecko) Chrome/39.0.2171.95 Safari/537.36
2014-12-15 15:21:44,/newmpms/mine.php,http://l505-15.is.oit.ac.jp/mpms/top.php,150.89.227.15,L505-15.is.oit.ac.jp,Mozilla/5.0 (Windows NT 6.1; WOW64) AppleWebKit/537.36 (KHTML， like Gecko) Chrome/39.0.2171.71 Safari/537.36
2014-12-15 15:22:03,/newmpms/mine.php,http://l505-15.is.oit.ac.jp/mpms/top.php,150.89.227.15,L505-15.is.oit.ac.jp,Mozilla/5.0 (Windows NT 6.1; WOW64) AppleWebKit/537.36 (KHTML， like Gecko) Chrome/39.0.2171.71 Safari/537.36
2014-12-15 15:50:34,/newmpms/mine.php,http://l505-15.is.oit.ac.jp/mpms/top.php,150.89.227.15,L505-15.is.oit.ac.jp,Mozilla/5.0 (Windows NT 6.1; WOW64; Trident/7.0; rv:11.0) like Gecko
2014-12-15 16:02:49,/newmpms/mine.php,http://l505-15.is.oit.ac.jp/mpms/top.php,150.89.227.15,L505-15.is.oit.ac.jp,Mozilla/5.0 (Windows NT 6.1; WOW64; Trident/7.0; rv:11.0) like Gecko
2014-12-15 16:04:52,/newmpms/mine.php,http://l505-15.is.oit.ac.jp/mpms/top.php,150.89.227.15,L505-15.is.oit.ac.jp,Mozilla/5.0 (Windows NT 6.1; WOW64; Trident/7.0; rv:11.0) like Gecko
2014-12-15 16:06:09,/newmpms/mine.php,http://l505-15.is.oit.ac.jp/mpms/top.php,150.89.227.15,L505-15.is.oit.ac.jp,Mozilla/5.0 (Windows NT 6.1; WOW64; Trident/7.0; rv:11.0) like Gecko
2014-12-15 16:11:28,/newmpms/mine.php,http://l505-15.is.oit.ac.jp/mpms/top.php,150.89.227.15,L505-15.is.oit.ac.jp,Mozilla/5.0 (Windows NT 6.1; WOW64; Trident/7.0; rv:11.0) like Gecko
2014-12-15 16:11:29,/newmpms/mine.php,http://l505-15.is.oit.ac.jp/mpms/top.php,150.89.227.15,L505-15.is.oit.ac.jp,Mozilla/5.0 (Windows NT 6.1; WOW64; Trident/7.0; rv:11.0) like Gecko
2014-12-15 16:11:35,/newmpms/mine.php,http://l505-15.is.oit.ac.jp/mpms/top.php,150.89.227.15,L505-15.is.oit.ac.jp,Mozilla/5.0 (Windows NT 6.1; WOW64; Trident/7.0; rv:11.0) like Gecko
2014-12-15 16:11:36,/newmpms/mine.php,http://l505-15.is.oit.ac.jp/mpms/top.php,150.89.227.15,L505-15.is.oit.ac.jp,Mozilla/5.0 (Windows NT 6.1; WOW64; Trident/7.0; rv:11.0) like Gecko
2014-12-15 16:11:38,/newmpms/mine.php,http://l505-15.is.oit.ac.jp/mpms/top.php,150.89.227.15,L505-15.is.oit.ac.jp,Mozilla/5.0 (Windows NT 6.1; WOW64; Trident/7.0; rv:11.0) like Gecko
2014-12-15 16:13:02,/newmpms/mine.php,http://l505-15.is.oit.ac.jp/mpms/top.php,150.89.227.15,L505-15.is.oit.ac.jp,Mozilla/5.0 (Windows NT 6.1; WOW64; Trident/7.0; rv:11.0) like Gecko
2014-12-15 16:14:15,/newmpms/mine.php,http://l505-15.is.oit.ac.jp/mpms/top.php,150.89.227.15,L505-15.is.oit.ac.jp,Mozilla/5.0 (Windows NT 6.1; WOW64; Trident/7.0; rv:11.0) like Gecko
2014-12-15 16:14:46,/newmpms/mine.php,http://l505-15.is.oit.ac.jp/mpms/top.php,150.89.227.15,L505-15.is.oit.ac.jp,Mozilla/5.0 (Windows NT 6.1; WOW64; Trident/7.0; rv:11.0) like Gecko
2014-12-15 16:16:35,/newmpms/mine.php,http://l505-15.is.oit.ac.jp/mpms/top.php,150.89.227.15,L505-15.is.oit.ac.jp,Mozilla/5.0 (Windows NT 6.1; WOW64; Trident/7.0; rv:11.0) like Gecko
2014-12-15 16:19:17,/newmpms/mine.php,http://l505-15.is.oit.ac.jp/mpms/top.php,150.89.227.15,L505-15.is.oit.ac.jp,Mozilla/5.0 (Windows NT 6.1; WOW64; Trident/7.0; rv:11.0) like Gecko
2014-12-15 16:22:21,/newmpms/mine.php,http://l505-15.is.oit.ac.jp/mpms/top.php,150.89.227.15,L505-15.is.oit.ac.jp,Mozilla/5.0 (Windows NT 6.1; WOW64; Trident/7.0; rv:11.0) like Gecko
2014-12-15 16:23:00,/newmpms/mine.php,http://l505-15.is.oit.ac.jp/mpms/top.php,150.89.227.15,L505-15.is.oit.ac.jp,Mozilla/5.0 (Windows NT 6.1; WOW64; Trident/7.0; rv:11.0) like Gecko
2014-12-15 16:24:12,/newmpms/mine.php,http://l505-15.is.oit.ac.jp/mpms/top.php,150.89.227.15,L505-15.is.oit.ac.jp,Mozilla/5.0 (Windows NT 6.1; WOW64; Trident/7.0; rv:11.0) like Gecko
2014-12-15 16:25:39,/newmpms/mine.php,http://l505-15.is.oit.ac.jp/mpms/top.php,150.89.227.15,L505-15.is.oit.ac.jp,Mozilla/5.0 (Windows NT 6.1; WOW64; Trident/7.0; rv:11.0) like Gecko
2014-12-15 16:26:26,/newmpms/mine.php,http://l505-15.is.oit.ac.jp/mpms/top.php,150.89.227.15,L505-15.is.oit.ac.jp,Mozilla/5.0 (Windows NT 6.1; WOW64; Trident/7.0; rv:11.0) like Gecko
2014-12-15 16:29:30,/newmpms/mine.php,http://l505-15.is.oit.ac.jp/mpms/top.php,150.89.227.15,L505-15.is.oit.ac.jp,Mozilla/5.0 (Windows NT 6.1; WOW64; Trident/7.0; rv:11.0) like Gecko
2014-12-15 16:33:05,/newmpms/mine.php,http://l505-15.is.oit.ac.jp/mpms/top.php,150.89.227.15,L505-15.is.oit.ac.jp,Mozilla/5.0 (Windows NT 6.1; WOW64; Trident/7.0; rv:11.0) like Gecko
2014-12-15 16:33:51,/newmpms/mine.php,http://l505-15.is.oit.ac.jp/mpms/top.php,150.89.227.15,L505-15.is.oit.ac.jp,Mozilla/5.0 (Windows NT 6.1; WOW64; Trident/7.0; rv:11.0) like Gecko
2014-12-15 16:33:52,/newmpms/mine.php,http://l505-15.is.oit.ac.jp/mpms/top.php,150.89.227.15,L505-15.is.oit.ac.jp,Mozilla/5.0 (Windows NT 6.1; WOW64; Trident/7.0; rv:11.0) like Gecko
2014-12-15 16:35:51,/newmpms/mine.php,http://l505-15.is.oit.ac.jp/mpms/top.php,150.89.227.15,L505-15.is.oit.ac.jp,Mozilla/5.0 (Windows NT 6.1; WOW64; Trident/7.0; rv:11.0) like Gecko
2014-12-15 16:36:19,/newmpms/mine.php,http://l505-15.is.oit.ac.jp/mpms/top.php,150.89.227.15,L505-15.is.oit.ac.jp,Mozilla/5.0 (Windows NT 6.1; WOW64; Trident/7.0; rv:11.0) like Gecko
2014-12-15 16:38:25,/newmpms/mine.php,http://l505-15.is.oit.ac.jp/mpms/top.php,150.89.227.15,L505-15.is.oit.ac.jp,Mozilla/5.0 (Windows NT 6.1; WOW64; Trident/7.0; rv:11.0) like Gecko
2014-12-15 16:38:53,/newmpms/mine.php,http://l505-15.is.oit.ac.jp/mpms/top.php,150.89.227.15,L505-15.is.oit.ac.jp,Mozilla/5.0 (Windows NT 6.1; WOW64; Trident/7.0; rv:11.0) like Gecko
2014-12-15 16:52:29,/newmpms/mine.php,http://l505-15.is.oit.ac.jp/mpms/top.php,150.89.227.15,L505-15.is.oit.ac.jp,Mozilla/5.0 (Windows NT 6.1; WOW64; Trident/7.0; rv:11.0) like Gecko
2014-12-15 16:54:12,/newmpms/mine.php,http://l505-15.is.oit.ac.jp/mpms/top.php,150.89.227.15,L505-15.is.oit.ac.jp,Mozilla/5.0 (Windows NT 6.1; WOW64; Trident/7.0; rv:11.0) like Gecko
2014-12-15 16:55:43,/newmpms/mine.php,http://l505-15.is.oit.ac.jp/mpms/top.php,150.89.227.15,L505-15.is.oit.ac.jp,Mozilla/5.0 (Windows NT 6.1; WOW64; Trident/7.0; rv:11.0) like Gecko
2014-12-15 16:56:55,/newmpms/mine.php,http://l505-15.is.oit.ac.jp/mpms/top.php,150.89.227.15,L505-15.is.oit.ac.jp,Mozilla/5.0 (Windows NT 6.1; WOW64; Trident/7.0; rv:11.0) like Gecko
2014-12-15 16:57:40,/newmpms/mine.php,http://l505-15.is.oit.ac.jp/mpms/top.php,150.89.227.15,L505-15.is.oit.ac.jp,Mozilla/5.0 (Windows NT 6.1; WOW64; Trident/7.0; rv:11.0) like Gecko
2014-12-15 16:59:06,/newmpms/mine.php,http://l505-15.is.oit.ac.jp/mpms/top.php,150.89.227.15,L505-15.is.oit.ac.jp,Mozilla/5.0 (Windows NT 6.1; WOW64; Trident/7.0; rv:11.0) like Gecko
2014-12-15 17:00:37,/newmpms/mine.php,http://l505-15.is.oit.ac.jp/mpms/top.php,150.89.227.15,L505-15.is.oit.ac.jp,Mozilla/5.0 (Windows NT 6.1; WOW64; Trident/7.0; rv:11.0) like Gecko
2014-12-15 17:01:18,/newmpms/mine.php,http://l505-15.is.oit.ac.jp/mpms/top.php,150.89.227.15,L505-15.is.oit.ac.jp,Mozilla/5.0 (Windows NT 6.1; WOW64; Trident/7.0; rv:11.0) like Gecko
2014-12-15 17:01:49,/newmpms/mine.php,http://l505-15.is.oit.ac.jp/mpms/top.php,150.89.227.15,L505-15.is.oit.ac.jp,Mozilla/5.0 (Windows NT 6.1; WOW64; Trident/7.0; rv:11.0) like Gecko
2014-12-15 17:02:31,/newmpms/mine.php,http://l505-15.is.oit.ac.jp/mpms/top.php,150.89.227.15,L505-15.is.oit.ac.jp,Mozilla/5.0 (Windows NT 6.1; WOW64; Trident/7.0; rv:11.0) like Gecko
2014-12-15 17:03:08,/newmpms/mine.php,http://l505-15.is.oit.ac.jp/mpms/top.php,150.89.227.15,L505-15.is.oit.ac.jp,Mozilla/5.0 (Windows NT 6.1; WOW64; Trident/7.0; rv:11.0) like Gecko
2014-12-15 17:04:10,/newmpms/mine.php,http://l505-15.is.oit.ac.jp/mpms/top.php,150.89.227.15,L505-15.is.oit.ac.jp,Mozilla/5.0 (Windows NT 6.1; WOW64; Trident/7.0; rv:11.0) like Gecko
2014-12-15 17:27:42,/newmpms/mine.php,http://l505-15.is.oit.ac.jp/mpms/top.php,150.89.227.15,L505-15.is.oit.ac.jp,Mozilla/5.0 (Windows NT 6.1; WOW64; Trident/7.0; rv:11.0) like Gecko
2014-12-15 18:39:57,/newmpms/mine.php,http://l505-15.is.oit.ac.jp/mpms/top.php,150.89.227.15,L505-15.is.oit.ac.jp,Mozilla/5.0 (Windows NT 6.1; WOW64; Trident/7.0; rv:11.0) like Gecko
2014-12-15 18:44:28,/newmpms/mine.php,http://l505-15.is.oit.ac.jp/mpms/top.php,150.89.227.15,L505-15.is.oit.ac.jp,Mozilla/5.0 (Windows NT 6.1; WOW64; Trident/7.0; rv:11.0) like Gecko
2014-12-15 18:45:47,/newmpms/mine.php,http://l505-15.is.oit.ac.jp/mpms/top.php,150.89.227.15,L505-15.is.oit.ac.jp,Mozilla/5.0 (Windows NT 6.1; WOW64; Trident/7.0; rv:11.0) like Gecko
2014-12-15 18:46:11,/newmpms/mine.php,http://l505-15.is.oit.ac.jp/mpms/top.php,150.89.227.15,L505-15.is.oit.ac.jp,Mozilla/5.0 (Windows NT 6.1; WOW64; Trident/7.0; rv:11.0) like Gecko
2014-12-15 18:51:01,/newmpms/mine.php,http://l505-15.is.oit.ac.jp/mpms/top.php,150.89.227.15,L505-15.is.oit.ac.jp,Mozilla/5.0 (Windows NT 6.1; WOW64; Trident/7.0; rv:11.0) like Gecko
2014-12-15 18:53:28,/newmpms/mine.php,http://l505-15.is.oit.ac.jp/mpms/top.php,150.89.227.15,L505-15.is.oit.ac.jp,Mozilla/5.0 (Windows NT 6.1; WOW64; Trident/7.0; rv:11.0) like Gecko
2014-12-15 18:55:09,/newmpms/mine.php,http://l505-15.is.oit.ac.jp/mpms/top.php,150.89.227.15,L505-15.is.oit.ac.jp,Mozilla/5.0 (Windows NT 6.1; WOW64; Trident/7.0; rv:11.0) like Gecko
2014-12-15 18:57:14,/newmpms/mine.php,http://l505-15.is.oit.ac.jp/mpms/top.php,150.89.227.15,L505-15.is.oit.ac.jp,Mozilla/5.0 (Windows NT 6.1; WOW64; Trident/7.0; rv:11.0) like Gecko
2014-12-15 19:00:03,/newmpms/mine.php,http://l505-15.is.oit.ac.jp/mpms/top.php,150.89.227.15,L505-15.is.oit.ac.jp,Mozilla/5.0 (Windows NT 6.1; WOW64; Trident/7.0; rv:11.0) like Gecko
2014-12-15 19:00:34,/newmpms/mine.php,http://l505-15.is.oit.ac.jp/mpms/top.php,150.89.227.15,L505-15.is.oit.ac.jp,Mozilla/5.0 (Windows NT 6.1; WOW64; Trident/7.0; rv:11.0) like Gecko
2014-12-15 19:01:25,/newmpms/mine.php,http://l505-15.is.oit.ac.jp/mpms/top.php,150.89.227.15,L505-15.is.oit.ac.jp,Mozilla/5.0 (Windows NT 6.1; WOW64; Trident/7.0; rv:11.0) like Gecko
2014-12-15 19:03:32,/newmpms/mine.php,http://l505-15.is.oit.ac.jp/mpms/top.php,150.89.227.15,L505-15.is.oit.ac.jp,Mozilla/5.0 (Windows NT 6.1; WOW64; Trident/7.0; rv:11.0) like Gecko
2014-12-15 19:04:29,/newmpms/mine.php,http://l505-15.is.oit.ac.jp/mpms/top.php,150.89.227.15,L505-15.is.oit.ac.jp,Mozilla/5.0 (Windows NT 6.1; WOW64; Trident/7.0; rv:11.0) like Gecko
2014-12-15 20:37:09,/newmpms/mine.php,http://l505-15.is.oit.ac.jp/mpms/top.php,150.89.227.15,L505-15.is.oit.ac.jp,Mozilla/5.0 (Windows NT 6.1; WOW64; Trident/7.0; rv:11.0) like Gecko
2014-12-15 21:10:24,/newmpms/mine.php,http://l505-15.is.oit.ac.jp/mpms/top.php,150.89.227.15,L505-15.is.oit.ac.jp,Mozilla/5.0 (Windows NT 6.1; WOW64; Trident/7.0; rv:11.0) like Gecko
2014-12-15 21:11:41,/newmpms/mine.php,http://l505-15.is.oit.ac.jp/mpms/top.php,150.89.227.15,L505-15.is.oit.ac.jp,Mozilla/5.0 (Windows NT 6.1; WOW64; Trident/7.0; rv:11.0) like Gecko
2014-12-15 21:13:40,/newmpms/mine.php,http://l505-15.is.oit.ac.jp/mpms/top.php,150.89.227.15,L505-15.is.oit.ac.jp,Mozilla/5.0 (Windows NT 6.1; WOW64; Trident/7.0; rv:11.0) like Gecko
2014-12-15 21:14:44,/newmpms/mine.php,http://l505-15.is.oit.ac.jp/mpms/top.php,150.89.227.15,L505-15.is.oit.ac.jp,Mozilla/5.0 (Windows NT 6.1; WOW64; Trident/7.0; rv:11.0) like Gecko
2014-12-15 21:15:18,/newmpms/mine.php,http://l505-15.is.oit.ac.jp/mpms/top.php,150.89.227.15,L505-15.is.oit.ac.jp,Mozilla/5.0 (Windows NT 6.1; WOW64; Trident/7.0; rv:11.0) like Gecko
2014-12-15 21:15:54,/newmpms/mine.php,http://l505-15.is.oit.ac.jp/mpms/top.php,150.89.227.15,L505-15.is.oit.ac.jp,Mozilla/5.0 (Windows NT 6.1; WOW64; Trident/7.0; rv:11.0) like Gecko
2014-12-15 21:20:03,/newmpms/mine.php,http://l505-15.is.oit.ac.jp/mpms/top.php,150.89.227.15,L505-15.is.oit.ac.jp,Mozilla/5.0 (Windows NT 6.1; WOW64; Trident/7.0; rv:11.0) like Gecko
2014-12-15 21:20:29,/newmpms/mine.php,http://l505-15.is.oit.ac.jp/mpms/top.php,150.89.227.15,L505-15.is.oit.ac.jp,Mozilla/5.0 (Windows NT 6.1; WOW64; Trident/7.0; rv:11.0) like Gecko
2014-12-15 21:20:57,/newmpms/mine.php,http://l505-15.is.oit.ac.jp/mpms/top.php,150.89.227.15,L505-15.is.oit.ac.jp,Mozilla/5.0 (Windows NT 6.1; WOW64; Trident/7.0; rv:11.0) like Gecko
2014-12-15 21:23:04,/newmpms/mine.php,http://l505-15.is.oit.ac.jp/mpms/top.php,150.89.227.15,L505-15.is.oit.ac.jp,Mozilla/5.0 (Windows NT 6.1; WOW64; Trident/7.0; rv:11.0) like Gecko
2014-12-15 21:29:16,/newmpms/mine.php,http://l505-15.is.oit.ac.jp/mpms/top.php,150.89.227.15,L505-15.is.oit.ac.jp,Mozilla/5.0 (Windows NT 6.1; WOW64; Trident/7.0; rv:11.0) like Gecko
2014-12-15 21:30:20,/newmpms/mine.php,http://l505-15.is.oit.ac.jp/mpms/top.php,150.89.227.15,L505-15.is.oit.ac.jp,Mozilla/5.0 (Windows NT 6.1; WOW64; Trident/7.0; rv:11.0) like Gecko
2014-12-15 21:34:09,/newmpms/mine.php,http://l505-15.is.oit.ac.jp/mpms/top.php,150.89.227.15,L505-15.is.oit.ac.jp,Mozilla/5.0 (Windows NT 6.1; WOW64; Trident/7.0; rv:11.0) like Gecko
2014-12-15 21:37:04,/newmpms/mine.php,http://l505-15.is.oit.ac.jp/mpms/top.php,150.89.227.15,L505-15.is.oit.ac.jp,Mozilla/5.0 (Windows NT 6.1; WOW64; Trident/7.0; rv:11.0) like Gecko
2014-12-15 21:45:53,/newmpms/mine.php,http://l505-15.is.oit.ac.jp/mpms/top.php,150.89.227.15,L505-15.is.oit.ac.jp,Mozilla/5.0 (Windows NT 6.1; WOW64; Trident/7.0; rv:11.0) like Gecko
2014-12-15 21:46:04,/newmpms/mine.php,http://l505-15.is.oit.ac.jp/mpms/top.php,150.89.227.15,L505-15.is.oit.ac.jp,Mozilla/5.0 (Windows NT 6.1; WOW64; Trident/7.0; rv:11.0) like Gecko
2014-12-15 21:49:08,/newmpms/mine.php,http://l505-15.is.oit.ac.jp/mpms/top.php,150.89.227.15,L505-15.is.oit.ac.jp,Mozilla/5.0 (Windows NT 6.1; WOW64; Trident/7.0; rv:11.0) like Gecko
2014-12-15 21:49:09,/newmpms/mine.php,http://l505-15.is.oit.ac.jp/mpms/top.php,150.89.227.15,L505-15.is.oit.ac.jp,Mozilla/5.0 (Windows NT 6.1; WOW64; Trident/7.0; rv:11.0) like Gecko
2014-12-15 21:50:31,/newmpms/mine.php,http://l505-15.is.oit.ac.jp/mpms/top.php,150.89.227.15,L505-15.is.oit.ac.jp,Mozilla/5.0 (Windows NT 6.1; WOW64; Trident/7.0; rv:11.0) like Gecko
2014-12-15 21:52:12,/newmpms/mine.php,http://l505-15.is.oit.ac.jp/mpms/top.php,150.89.227.15,L505-15.is.oit.ac.jp,Mozilla/5.0 (Windows NT 6.1; WOW64; Trident/7.0; rv:11.0) like Gecko
2014-12-15 21:52:59,/newmpms/mine.php,http://l505-15.is.oit.ac.jp/mpms/top.php,150.89.227.15,L505-15.is.oit.ac.jp,Mozilla/5.0 (Windows NT 6.1; WOW64; Trident/7.0; rv:11.0) like Gecko
2014-12-15 21:55:06,/newmpms/mine.php,http://l505-15.is.oit.ac.jp/mpms/top.php,150.89.227.15,L505-15.is.oit.ac.jp,Mozilla/5.0 (Windows NT 6.1; WOW64; Trident/7.0; rv:11.0) like Gecko
2014-12-16 00:13:04,/newmpms/mine.php,http://l505-15.is.oit.ac.jp/mpms/top.php,150.89.227.15,L505-15.is.oit.ac.jp,Mozilla/5.0 (Windows NT 6.1; WOW64; Trident/7.0; rv:11.0) like Gecko
2014-12-17 12:18:05,/newmpms/mine.php,http://l505-15.is.oit.ac.jp/mpms/top.php,150.89.227.15,L505-15.is.oit.ac.jp,Mozilla/5.0 (Windows NT 6.1; WOW64; Trident/7.0; rv:11.0) like Gecko
2014-12-17 12:23:19,/newmpms/mine.php,http://l505-15.is.oit.ac.jp/mpms/top.php,150.89.227.15,L505-15.is.oit.ac.jp,Mozilla/5.0 (Windows NT 6.1; WOW64; Trident/7.0; rv:11.0) like Gecko
2014-12-17 12:39:37,/newmpms/mine.php,http://l505-15.is.oit.ac.jp/mpms/top.php,150.89.227.15,L505-15.is.oit.ac.jp,Mozilla/5.0 (Windows NT 6.1; WOW64; Trident/7.0; rv:11.0) like Gecko
2014-12-17 12:40:43,/newmpms/mine.php,http://l505-15.is.oit.ac.jp/mpms/top.php,150.89.227.15,L505-15.is.oit.ac.jp,Mozilla/5.0 (Windows NT 6.1; WOW64; Trident/7.0; rv:11.0) like Gecko
2014-12-17 12:42:09,/newmpms/mine.php,http://l505-15.is.oit.ac.jp/mpms/top.php,150.89.227.15,L505-15.is.oit.ac.jp,Mozilla/5.0 (Windows NT 6.1; WOW64; Trident/7.0; rv:11.0) like Gecko
2014-12-17 14:09:23,/newmpms/mine.php,http://l505-15.is.oit.ac.jp/mpms/top.php,150.89.227.15,L505-15.is.oit.ac.jp,Mozilla/5.0 (Windows NT 6.1; WOW64; Trident/7.0; rv:11.0) like Gecko
2014-12-18 09:40:05,/newmpms/mine.php,http://l505-15.is.oit.ac.jp/mpms/top.php,150.89.227.15,L505-15.is.oit.ac.jp,Mozilla/4.0 (compatible; MSIE 7.0; Windows NT 6.3; WOW64; Trident/7.0; .NET4.0E; .NET4.0C; .NET CLR 3.5.30729; .NET CLR 2.0.50727; .NET CLR 3.0.30729; Tablet PC 2.0)
2014-12-20 15:47:01,/newmpms/mine.php,http://150.89.227.17/newmpms/top.php,150.89.227.35,L505-35.is.oit.ac.jp,Mozilla/5.0 (Windows NT 6.1; WOW64; Trident/7.0; rv:11.0) like Gecko
2014-12-20 15:48:47,/newmpms/mine.php,http://150.89.227.17/newmpms/top.php,150.89.227.35,L505-35.is.oit.ac.jp,Mozilla/5.0 (Windows NT 6.1; WOW64; Trident/7.0; rv:11.0) like Gecko
2014-12-20 15:50:54,/newmpms/mine.php,http://150.89.227.17/newmpms/top.php,150.89.227.35,L505-35.is.oit.ac.jp,Mozilla/5.0 (Windows NT 6.1; WOW64; Trident/7.0; rv:11.0) like Gecko
2014-12-20 16:47:16,/newmpms/mine.php,http://150.89.227.17/newmpms/top.php,150.89.227.35,L505-35.is.oit.ac.jp,Mozilla/5.0 (Windows NT 6.1; WOW64; Trident/7.0; rv:11.0) like Gecko
2014-12-20 16:47:33,/newmpms/mine.php,http://150.89.227.17/newmpms/top.php,150.89.227.35,L505-35.is.oit.ac.jp,Mozilla/5.0 (Windows NT 6.1; WOW64; Trident/7.0; rv:11.0) like Gecko
2014-12-20 16:51:52,/newmpms/mine.php,http://150.89.227.17/newmpms/top.php,150.89.227.35,L505-35.is.oit.ac.jp,Mozilla/5.0 (Windows NT 6.1; WOW64; Trident/7.0; rv:11.0) like Gecko
2014-12-20 16:52:33,/newmpms/mine.php,http://150.89.227.17/newmpms/top.php,150.89.227.35,L505-35.is.oit.ac.jp,Mozilla/5.0 (Windows NT 6.1; WOW64; Trident/7.0; rv:11.0) like Gecko
2014-12-20 16:52:34,/newmpms/mine.php,http://150.89.227.17/newmpms/top.php,150.89.227.35,L505-35.is.oit.ac.jp,Mozilla/5.0 (Windows NT 6.1; WOW64; Trident/7.0; rv:11.0) like Gecko
2014-12-20 16:52:50,/newmpms/mine.php,http://150.89.227.17/newmpms/top.php,150.89.227.35,L505-35.is.oit.ac.jp,Mozilla/5.0 (Windows NT 6.1; WOW64; Trident/7.0; rv:11.0) like Gecko
2014-12-21 14:17:17,/newmpms/mine.php,http://150.89.227.17/newmpms/top.php,150.89.227.35,L505-35.is.oit.ac.jp,Mozilla/5.0 (Windows NT 6.1; WOW64; Trident/7.0; rv:11.0) like Gecko
2014-12-21 14:21:10,/newmpms/mine.php,http://150.89.227.17/newmpms/top.php,150.89.227.35,L505-35.is.oit.ac.jp,Mozilla/5.0 (Windows NT 6.1; WOW64; Trident/7.0; rv:11.0) like Gecko
2014-12-21 14:21:15,/newmpms/mine.php,http://150.89.227.17/newmpms/top.php,150.89.227.35,L505-35.is.oit.ac.jp,Mozilla/5.0 (Windows NT 6.1; WOW64; Trident/7.0; rv:11.0) like Gecko
2014-12-21 14:27:25,/newmpms/mine.php,http://150.89.227.17/newmpms/top.php,150.89.227.35,L505-35.is.oit.ac.jp,Mozilla/5.0 (Windows NT 6.1; WOW64; Trident/7.0; rv:11.0) like Gecko
2014-12-21 14:32:48,/newmpms/mine.php,http://150.89.227.17/newmpms/top.php,150.89.227.35,L505-35.is.oit.ac.jp,Mozilla/5.0 (Windows NT 6.1; WOW64; Trident/7.0; rv:11.0) like Gecko
2014-12-21 14:36:23,/newmpms/mine.php,http://150.89.227.17/newmpms/top.php,150.89.227.35,L505-35.is.oit.ac.jp,Mozilla/5.0 (Windows NT 6.1; WOW64; Trident/7.0; rv:11.0) like Gecko
2014-12-21 14:40:41,/newmpms/mine.php,http://150.89.227.17/newmpms/top.php,150.89.227.35,L505-35.is.oit.ac.jp,Mozilla/5.0 (Windows NT 6.1; WOW64; Trident/7.0; rv:11.0) like Gecko
2014-12-21 15:19:58,/newmpms/mine.php,http://150.89.227.17/newmpms/top.php,150.89.227.35,L505-35.is.oit.ac.jp,Mozilla/5.0 (Windows NT 6.1; WOW64; Trident/7.0; rv:11.0) like Gecko
2014-12-21 15:21:17,/newmpms/mine.php,http://150.89.227.17/newmpms/top.php,150.89.227.35,L505-35.is.oit.ac.jp,Mozilla/5.0 (Windows NT 6.1; WOW64; Trident/7.0; rv:11.0) like Gecko
2014-12-21 15:27:25,/newmpms/mine.php,http://150.89.227.17/newmpms/top.php,150.89.227.35,L505-35.is.oit.ac.jp,Mozilla/5.0 (Windows NT 6.1; WOW64; Trident/7.0; rv:11.0) like Gecko
2014-12-21 15:28:18,/newmpms/mine.php,http://150.89.227.17/newmpms/top.php,150.89.227.35,L505-35.is.oit.ac.jp,Mozilla/5.0 (Windows NT 6.1; WOW64; Trident/7.0; rv:11.0) like Gecko
2014-12-21 16:17:51,/newmpms/mine.php,http://150.89.227.17/newmpms/top.php,150.89.227.35,L505-35.is.oit.ac.jp,Mozilla/5.0 (Windows NT 6.1; WOW64; Trident/7.0; rv:11.0) like Gecko
2014-12-22 01:24:44,/newmpms/mine.php,http://150.89.227.17/newmpms/top.php,150.89.227.35,L505-35.is.oit.ac.jp,Mozilla/5.0 (Windows NT 6.1; WOW64; Trident/7.0; rv:11.0) like Gecko
2014-12-22 01:25:40,/newmpms/mine.php,http://150.89.227.17/newmpms/top.php,150.89.227.35,L505-35.is.oit.ac.jp,Mozilla/5.0 (Windows NT 6.1; WOW64; Trident/7.0; rv:11.0) like Gecko
2014-12-22 08:37:49,/newmpms/mine.php,http://150.89.227.17/newmpms/top.php,150.89.227.35,L505-35.is.oit.ac.jp,Mozilla/5.0 (Windows NT 6.1; WOW64; Trident/7.0; rv:11.0) like Gecko
2014-12-22 08:39:17,/newmpms/mine.php,http://150.89.227.17/newmpms/top.php,150.89.227.35,L505-35.is.oit.ac.jp,Mozilla/5.0 (Windows NT 6.1; WOW64; Trident/7.0; rv:11.0) like Gecko
2014-12-22 11:35:43,/newmpms/mine.php,http://l505-15.is.oit.ac.jp/mpms/top.php,150.89.227.15,L505-15.is.oit.ac.jp,Mozilla/5.0 (Windows NT 6.1; WOW64) AppleWebKit/537.36 (KHTML， like Gecko) Chrome/39.0.2171.95 Safari/537.36
2016-08-26 04:27:39,/mishima/newmpms/mine.php,http://127.0.0.1/mishima/newmpms/top.php,127.0.0.1,Danny,Mozilla/5.0 (Windows NT 10.0; WOW64) AppleWebKit/537.36 (KHTML， like Gecko) Chrome/52.0.2743.116 Safari/537.36
2016-08-26 04:27:50,/mishima/newmpms/mine.php,http://127.0.0.1/mishima/newmpms/top.php,127.0.0.1,Danny,Mozilla/5.0 (Windows NT 10.0; WOW64) AppleWebKit/537.36 (KHTML， like Gecko) Chrome/52.0.2743.116 Safari/537.36
2016-08-26 04:33:32,/mishima/newmpms/mine.php,http://127.0.0.1/mishima/newmpms/top.php,127.0.0.1,Danny,Mozilla/5.0 (Windows NT 10.0; WOW64) AppleWebKit/537.36 (KHTML， like Gecko) Chrome/52.0.2743.116 Safari/537.36
2016-08-26 04:33:39,/mishima/newmpms/mine.php,http://127.0.0.1/mishima/newmpms/top.php,127.0.0.1,Danny,Mozilla/5.0 (Windows NT 10.0; WOW64) AppleWebKit/537.36 (KHTML， like Gecko) Chrome/52.0.2743.116 Safari/537.36
2016-08-26 04:34:14,/mishima/newmpms/mine.php,http://127.0.0.1/mishima/newmpms/top.php,127.0.0.1,Danny,Mozilla/5.0 (Windows NT 10.0; WOW64) AppleWebKit/537.36 (KHTML， like Gecko) Chrome/52.0.2743.116 Safari/537.36
2016-08-26 04:37:43,/mishima/newmpms/mine.php,http://127.0.0.1/mishima/newmpms/top.php,127.0.0.1,Danny,Mozilla/5.0 (Windows NT 10.0; WOW64) AppleWebKit/537.36 (KHTML， like Gecko) Chrome/52.0.2743.116 Safari/537.36
2016-08-26 04:38:47,/mishima/newmpms/mine.php,http://127.0.0.1/mishima/newmpms/top.php,127.0.0.1,Danny,Mozilla/5.0 (Windows NT 10.0; WOW64) AppleWebKit/537.36 (KHTML， like Gecko) Chrome/52.0.2743.116 Safari/537.36
2016-08-26 04:40:38,/mishima/newmpms/mine.php,http://127.0.0.1/mishima/newmpms/top.php,127.0.0.1,Danny,Mozilla/5.0 (Windows NT 10.0; WOW64) AppleWebKit/537.36 (KHTML， like Gecko) Chrome/52.0.2743.116 Safari/537.36
2016-08-30 15:34:11,/mishima/newmpms/mine.php,http://127.0.0.1/mishima/newmpms/top.php,127.0.0.1,Danny,Mozilla/5.0 (Windows NT 10.0; WOW64) AppleWebKit/537.36 (KHTML， like Gecko) Chrome/52.0.2743.116 Safari/537.36
2016-08-30 15:42:55,/mishima/newmpms/mine.php,http://127.0.0.1/mishima/newmpms/top.php,127.0.0.1,Danny,Mozilla/5.0 (Windows NT 10.0; WOW64) AppleWebKit/537.36 (KHTML， like Gecko) Chrome/52.0.2743.116 Safari/537.36
2016-08-30 15:44:26,/mishima/newmpms/mine.php,,127.0.0.1,Danny,Mozilla/5.0 (Windows NT 10.0; WOW64) AppleWebKit/537.36 (KHTML， like Gecko) Chrome/52.0.2743.116 Safari/537.36
2016-08-30 15:48:59,/mishima/newmpms/mine.php,http://127.0.0.1/mishima/newmpms/top.php,127.0.0.1,Danny,Mozilla/5.0 (Windows NT 10.0; WOW64) AppleWebKit/537.36 (KHTML， like Gecko) Chrome/52.0.2743.116 Safari/537.36
2016-08-30 15:53:33,/mishima/newmpms/mine.php,,127.0.0.1,Danny,Mozilla/5.0 (Windows NT 10.0; WOW64) AppleWebKit/537.36 (KHTML， like Gecko) Chrome/52.0.2743.116 Safari/537.36
2016-08-30 15:53:43,/mishima/newmpms/mine.php,http://127.0.0.1/mishima/newmpms/top.php,127.0.0.1,Danny,Mozilla/5.0 (Windows NT 10.0; WOW64) AppleWebKit/537.36 (KHTML， like Gecko) Chrome/52.0.2743.116 Safari/537.36
2016-08-30 15:59:54,/mishima/newmpms/mine.php,http://127.0.0.1/mishima/newmpms/top.php,127.0.0.1,Danny,Mozilla/5.0 (Windows NT 10.0; WOW64) AppleWebKit/537.36 (KHTML， like Gecko) Chrome/52.0.2743.116 Safari/537.36
